vixChange,netChange,prevChangeNF,prevChangeBNF,NFOIChange,BNFOIChange,basisChange,Low
-2.04,16.0,-0.3,0.14,18.31,11.2,0.0,9220.7
-2.93,-29.0,-0.79,-0.81,21.02,0.15,2.0,9175.3
-3.32,-29.0,-0.8,-0.81,19.47,-0.64,2.0,9177.33
-3.03,-13.0,-0.58,-0.64,22.78,0.84,4.0,9196.26
-2.38,-7.0,-0.67,-0.92,24.4,2.38,4.0,9182.03
-2.81,-19.0,-0.75,-0.68,23.89,0.33,4.0,9180.96
-3.56,-29.0,-0.75,-0.79,17.91,-3.1,4.0,9184.88
-1.94,15.0,-0.46,-0.02,17.37,9.97,5.0,9199.53
-2.42,-4.0,-0.63,-0.73,24.35,2.44,6.0,9185.31
-2.79,-22.0,-0.86,-0.8,22.2,0.6,6.0,9159.65
-2.74,-25.0,-0.96,-1.0,22.19,0.63,6.0,9162.4
-2.84,-29.0,-0.98,-1.04,21.5,0.46,6.0,9159.71
-1.84,16.0,-0.53,-0.14,16.08,6.43,7.0,9188.89
-1.79,-1.0,-0.53,-0.36,19.01,11.59,7.0,9195.26
-2.18,-6.0,-0.57,-0.72,21.72,4.63,7.0,9190.64
-2.28,-6.0,-0.66,-0.77,24.33,3.13,7.0,9182.84
-3.01,-18.0,-0.66,-0.75,22.96,1.61,7.0,9184.57
-2.64,-23.0,-0.85,-0.84,22.36,0.4,7.0,9156.84
-3.13,-24.0,-0.76,-0.85,21.94,0.46,7.0,9164.35
-2.3,-23.0,-0.85,-0.9,24.66,1.26,7.0,9151.08
-2.35,-21.0,-0.82,-0.85,24.36,0.95,7.0,9167.23
-3.18,-29.0,-0.94,-0.95,18.86,-1.62,7.0,9162.12
-1.82,0.0,-0.56,-0.39,20.15,11.83,8.0,9194.85
-1.96,-2.0,-0.58,-0.33,19.31,12.07,8.0,9193.53
-1.72,-4.0,-0.55,-0.29,19.77,12.14,8.0,9195.43
-2.35,-7.0,-0.6,-0.67,21.38,4.65,8.0,9185.37
-2.4,-22.0,-0.88,-1.04,24.5,0.99,8.0,9150.57
-2.76,-22.0,-0.78,-0.64,23.99,0.41,8.0,9162.5
-2.42,-9.0,-0.62,-0.73,21.95,4.72,9.0,9180.28
-2.57,-22.0,-0.8,-0.84,24.89,1.19,9.0,9146.64
-1.09,16.0,-0.65,-0.55,15.55,6.54,10.0,9160.46
-1.79,-16.0,-0.72,-1.1,21.19,8.91,10.0,9166.78
-2.38,-20.0,-0.89,-0.9,24.81,1.19,10.0,9148.26
-1.75,1.0,-0.68,-0.43,19.21,12.25,11.0,9178.58
-1.58,-3.0,-0.71,-0.64,19.43,12.05,11.0,9172.76
-2.21,-23.0,-0.95,-1.03,24.94,1.63,11.0,9135.49
-2.33,-20.0,-1.0,-1.15,24.74,1.42,11.0,9147.29
-2.11,-10.0,-0.82,-1.07,25.02,3.76,12.0,9160.79
-2.3,-22.0,-0.88,-0.9,24.66,1.55,12.0,9143.91
-1.6,-7.0,-0.77,-0.83,19.43,11.52,13.0,9162.39
-2.3,-13.0,-0.77,-1.03,22.26,4.84,13.0,9161.48
-2.47,-21.0,-0.81,-0.91,23.26,1.9,13.0,9158.58
-2.35,-24.0,-0.96,-1.0,25.3,1.72,13.0,9141.11
-2.13,-10.0,-0.79,-0.98,22.06,5.04,14.0,9161.12
-1.99,-23.0,-1.03,-1.18,24.44,2.27,14.0,9075.32
-0.87,15.0,-0.79,-0.89,13.83,5.34,15.0,9139.82
-1.65,-20.0,-0.84,-1.3,21.2,8.52,15.0,9099.35
-1.55,-20.0,-0.92,-1.24,21.7,8.23,16.0,9093.99
-1.89,-17.0,-0.83,-1.12,21.27,8.67,16.0,9157.51
-1.87,-16.0,-0.84,-1.03,21.53,5.05,16.0,9154.73
-1.45,-19.0,-0.87,-1.02,21.3,7.27,17.0,9152.19
-2.08,-12.0,-0.89,-1.13,22.11,4.61,17.0,9150.17
-2.16,-18.0,-0.93,-1.15,22.3,4.79,17.0,9147.21
-2.11,-23.0,-1.01,-1.13,24.12,2.36,17.0,9135.58
-1.48,-18.0,-0.94,-1.13,21.24,7.46,18.0,9147.01
-1.75,-16.0,-1.03,-1.57,25.33,5.42,18.0,9130.61
-1.31,-16.0,-0.92,-0.94,19.99,10.8,19.0,9146.45
-1.87,-13.0,-0.98,-1.4,25.27,5.71,19.0,9098.4
-1.41,-19.0,-0.94,-1.2,21.06,6.86,20.0,9090.39
-1.38,-19.0,-0.96,-1.29,20.99,7.44,20.0,9094.37
-1.02,-20.0,-1.07,-1.45,20.57,6.94,23.0,9074.93
-3.53,-10.0,0.4,-1.05,8.9,17.06,-10.0,9214.54
-3.81,-9.0,0.18,-1.5,10.93,22.41,-11.0,9194.27
-3.81,-7.0,0.31,-1.3,10.21,21.4,-14.0,9174.91
-3.81,-8.0,0.4,-1.04,10.1,20.36,-14.0,9216.62
-4.18,30.0,1.15,1.58,6.86,14.27,-18.0,9308.63
-3.83,-4.0,0.26,-1.26,11.0,20.45,-18.0,9170.14
-3.93,-7.0,0.25,-1.1,12.07,21.68,-21.0,9202.36
-4.26,-1.0,0.5,-0.75,11.66,21.18,-24.0,9226.0
-4.61,30.0,1.22,1.5,7.63,16.37,-25.0,9316.21
-4.73,26.0,1.38,1.61,8.13,18.88,-26.0,9324.79
-4.41,33.0,1.24,1.64,7.2,14.88,-26.0,9315.25
-3.88,-10.0,0.28,-0.98,12.22,21.9,-26.0,9200.15
-5.18,24.0,1.33,1.47,7.98,18.37,-27.0,9321.01
-4.96,30.0,1.3,1.53,7.71,16.8,-27.0,9317.29
-5.06,24.0,1.22,1.39,7.83,17.49,-28.0,9310.05
-5.01,27.0,1.27,1.52,7.71,17.34,-28.0,9315.11
-3.88,-9.0,0.35,-0.66,12.07,22.76,-28.0,9205.43
-4.56,35.0,1.36,1.85,7.21,15.06,-29.0,9321.06
-5.01,21.0,1.19,1.32,7.84,17.94,-29.0,9301.71
-4.51,24.0,1.32,1.5,8.18,19.2,-30.0,9316.07
-4.63,32.0,1.34,1.8,7.37,15.5,-31.0,9323.19
-4.66,31.0,1.27,1.61,7.52,15.76,-31.0,9316.49
-4.51,24.0,1.25,1.39,8.6,18.75,-32.0,9308.02
-3.96,-5.0,0.39,-0.65,12.27,22.12,-32.0,9208.82
-4.61,24.0,1.33,1.5,8.3,18.54,-34.0,9319.04
-5.06,9.0,1.0,0.69,11.62,23.26,-34.0,9269.8
-4.46,27.0,1.27,1.39,9.08,19.07,-36.0,9310.06
-4.71,22.0,1.24,1.27,9.48,18.48,-36.0,9304.74
-4.48,14.0,1.06,0.95,9.56,18.95,-36.0,9278.93
-4.76,24.0,1.34,1.51,9.42,18.66,-36.0,9319.99
-4.88,11.0,1.02,0.86,11.45,23.09,-38.0,9270.05
-5.26,9.0,1.03,0.79,11.51,23.14,-40.0,9272.05
-4.18,-1.0,0.7,-0.09,12.04,22.99,-40.0,9242.91
-4.41,10.0,0.9,0.77,10.46,21.69,-42.0,9256.16
-3.61,-3.0,0.61,-0.23,11.88,22.62,-42.0,9228.81
-5.01,9.0,1.0,0.65,11.54,23.08,-33.0,9269.15
-5.18,13.0,1.15,1.07,11.41,22.89,-33.0,9287.26
-4.78,31.0,1.36,1.66,8.28,18.58,-35.0,9321.11
-4.51,27.0,1.31,1.41,9.08,19.07,-35.0,9314.06
-4.71,3.0,0.74,-0.06,11.06,20.69,-35.0,9250.73
-3.66,-4.0,0.6,-0.21,11.82,22.53,-35.0,9228.01
-3.43,-4.0,0.57,-0.22,11.67,22.78,-37.0,9225.12
-4.61,11.0,0.85,0.65,10.86,22.54,-39.0,9253.39
-4.83,18.0,1.16,1.08,9.77,20.09,-39.0,9290.8
-4.21,2.0,0.61,-0.21,11.75,20.66,-39.0,9235.03
-4.76,4.0,0.75,0.09,11.34,22.72,-39.0,9244.8
-4.98,11.0,0.96,0.76,11.12,22.82,-41.0,9264.67
-4.56,13.0,0.95,0.85,9.91,20.48,-41.0,9264.76
-4.56,17.0,1.08,1.02,9.7,19.62,-43.0,9283.38
-5.18,10.0,0.96,0.77,11.5,22.84,-43.0,9265.91
-4.21,7.0,0.68,-0.08,12.53,21.16,-43.0,9240.14
-4.36,7.0,0.8,0.17,11.76,20.94,-45.0,9247.56
-3.22,18.0,0.5,0.0,6.07,3.03,-26.0,9409.29
-3.45,19.0,0.54,0.19,5.06,1.43,-29.0,9411.69
-4.61,19.0,0.89,0.47,11.82,0.0,-39.0,9448.26
-4.24,19.0,1.36,1.5,8.16,-26.7,-37.0,9505.2
-3.39,20.0,0.5,0.0,5.43,2.51,-26.0,9414.56
-3.45,21.0,0.58,-0.05,7.25,1.01,-35.0,9423.5
-3.68,21.0,0.48,-0.03,4.99,1.84,-23.0,9415.7
-3.62,21.0,0.56,-0.01,7.18,-0.72,-36.0,9421.63
-4.78,21.0,0.97,0.54,12.22,-0.15,-41.0,9458.08
-4.95,21.0,1.06,0.7,12.26,-0.8,-48.0,9467.49
-4.55,21.0,0.93,0.53,11.66,-1.13,-37.0,9455.07
-4.16,21.0,1.63,2.28,9.8,-20.85,-47.0,9539.3
-5.6,21.0,1.37,1.23,12.11,-3.9,-37.0,9502.48
-4.47,21.0,1.72,2.27,11.01,-19.29,-34.0,9541.9
-4.44,21.0,1.72,2.39,11.22,-20.2,-38.0,9548.93
-4.3,21.0,1.46,1.79,9.09,-21.99,-37.0,9514.01
-5.66,22.0,1.37,1.14,12.43,-2.07,-44.0,9501.94
-4.55,23.0,0.64,0.36,8.05,0.82,-51.0,9436.08
-4.55,23.0,0.97,0.61,10.98,-1.45,-46.0,9461.0
-3.62,24.0,0.56,-0.12,6.16,3.47,-32.0,9424.21
-3.39,24.0,0.58,0.14,6.51,3.24,-28.0,9425.21
-3.93,24.0,0.61,0.07,7.11,-1.18,-39.0,9432.73
-3.7,24.0,0.6,0.21,5.21,1.86,-29.0,9427.24
-4.61,24.0,0.69,0.43,7.76,0.51,-48.0,9438.35
-4.55,24.0,0.98,0.63,10.08,-2.04,-53.0,9461.9
-3.68,25.0,0.67,0.12,5.97,3.6,-36.0,9434.07
-4.38,25.0,0.65,0.43,7.05,-0.02,-48.0,9435.44
-4.1,25.0,0.61,0.08,7.31,-1.28,-40.0,9432.73
-4.64,25.0,0.74,0.38,8.39,0.1,-49.0,9444.17
-4.47,25.0,0.99,0.63,9.28,-1.52,-44.0,9462.45
-4.67,25.0,0.68,0.34,8.3,0.55,-46.0,9438.25
-4.67,25.0,0.7,0.44,8.16,0.89,-50.0,9441.32
-4.38,25.0,0.63,0.42,7.47,0.19,-47.0,9433.15
-4.44,25.0,0.98,0.64,9.54,-1.58,-48.0,9461.9
-5.15,25.0,1.89,2.39,11.48,-5.29,-61.0,9562.56
-4.58,26.0,0.68,0.46,7.59,0.43,-45.0,9436.19
-4.67,26.0,1.01,0.56,8.59,-0.87,-44.0,9465.82
-4.58,26.0,0.97,0.55,8.99,-0.67,-41.0,9461.29
-4.64,26.0,0.75,0.5,8.12,0.03,-49.0,9442.17
-4.64,26.0,0.85,0.52,8.16,0.04,-59.0,9451.34
-3.99,27.0,0.59,0.21,7.13,-1.12,-42.0,9430.05
-4.36,27.0,0.65,0.45,7.17,0.03,-46.0,9434.42
-4.69,27.0,0.96,0.51,7.93,-0.73,-46.0,9461.54
-3.85,28.0,0.56,0.15,7.13,-1.12,-36.0,9427.06
-0.81,13.0,-0.27,-2.1,3.96,7.32,0.0,9153.86
-1.2,14.0,-0.08,-1.98,3.66,7.25,0.0,9181.6
-1.04,15.0,-0.03,-1.91,4.11,4.01,-1.0,9185.6
-0.73,15.0,-0.2,-1.94,4.25,7.23,0.0,9171.41
-2.24,16.0,0.16,-1.79,3.88,8.9,1.0,9218.04
-1.15,16.0,-0.05,-1.86,4.3,5.55,0.0,9186.66
-1.35,16.0,-0.02,-1.86,4.3,5.55,0.0,9197.77
-2.19,17.0,0.25,-1.74,4.21,7.59,2.0,9226.55
-1.82,17.0,0.2,-1.64,3.02,7.56,1.0,9223.63
-2.45,18.0,0.46,-1.51,4.34,6.99,4.0,9242.06
-2.11,20.0,0.38,-1.59,4.18,7.84,3.0,9244.48
-2.55,23.0,0.58,-1.22,4.44,7.61,7.0,9211.55
-2.63,26.0,0.89,-0.59,4.01,8.07,11.0,9286.89
-1.64,27.0,1.45,0.37,6.97,2.94,19.0,9338.13
-2.0,27.0,0.87,-0.3,4.4,5.42,7.0,9288.8
-1.82,27.0,0.89,-0.28,3.38,6.7,12.0,9284.38
-1.93,27.0,0.9,-0.25,4.79,5.35,8.0,9292.25
-1.82,27.0,0.83,-0.41,3.3,6.46,10.0,9276.89
-1.74,27.0,0.82,-0.46,4.44,5.75,11.0,9276.9
-2.55,27.0,0.96,-0.52,3.93,7.84,13.0,9289.6
-2.06,28.0,1.71,1.19,7.26,3.13,28.0,9369.97
-1.93,28.0,0.9,-0.41,2.58,7.34,12.0,9285.5
-1.95,29.0,1.51,0.4,7.43,2.59,25.0,9345.66
-2.6,29.0,0.9,-0.55,3.76,7.5,11.0,9288.13
-2.53,29.0,0.96,-0.3,3.89,7.66,12.0,9294.37
-1.93,30.0,1.3,0.26,5.31,4.54,23.0,9324.92
-1.8,30.0,0.95,-0.16,3.43,7.32,11.0,9292.71
-1.93,30.0,0.83,-0.34,3.0,7.63,11.0,9283.28
-2.32,31.0,1.75,1.33,7.17,3.27,27.0,9372.83
-1.56,31.0,0.85,-0.29,3.41,7.11,9.0,9282.38
-2.08,31.0,1.29,0.23,5.14,4.72,26.0,9323.43
-1.67,31.0,0.88,-0.23,3.42,6.89,10.0,9285.39
-1.51,31.0,0.84,-0.31,3.53,7.09,10.0,9280.87
-2.0,31.0,1.05,0.08,2.51,7.0,14.0,9299.7
-2.34,32.0,1.05,-0.04,2.51,6.7,15.0,9299.31
-2.55,32.0,1.2,0.12,2.6,7.1,22.0,9313.11
-1.93,34.0,1.5,0.46,6.44,4.06,24.0,9343.49
-2.27,34.0,1.4,0.34,4.63,5.14,27.0,9334.51
-2.4,34.0,1.13,0.04,3.05,7.75,21.0,9313.81
-2.73,34.0,1.13,0.08,3.23,7.28,19.0,9312.51
-2.24,36.0,1.84,1.56,6.14,2.85,27.0,9376.99
-2.29,36.0,1.36,0.36,5.13,5.23,28.0,9328.44
-2.24,36.0,1.31,0.26,5.27,5.1,23.0,9324.44
-2.81,36.0,1.21,0.2,3.13,7.41,22.0,9318.52
-2.63,36.0,1.26,0.27,3.07,6.83,26.0,9319.29
-2.86,36.0,1.17,-0.07,3.86,7.59,16.0,9315.55
-2.86,36.0,1.17,-0.1,3.74,7.14,19.0,9313.24
-2.92,36.0,1.1,-0.14,3.88,7.63,20.0,9309.08
-2.45,38.0,1.93,1.67,6.24,2.62,28.0,9385.01
-2.08,38.0,1.56,0.57,6.33,3.74,25.0,9349.67
-2.24,38.0,1.41,0.37,4.65,4.99,28.0,9332.88
-2.29,38.0,1.42,0.42,4.78,5.56,29.0,9333.52
-3.05,38.0,1.32,0.43,3.14,6.89,27.0,9325.75
-2.94,42.0,2.06,1.95,5.94,2.35,37.0,9399.56
-1.35,42.0,1.54,1.23,3.41,0.79,18.0,9355.24
-1.72,42.0,1.87,1.62,4.31,1.55,21.0,9383.72
-1.95,33.0,1.46,0.24,6.51,3.01,23.0,9342.02
-1.9,33.0,1.5,0.32,6.36,4.15,27.0,9345.53
-1.9,33.0,1.34,0.23,6.33,3.97,21.0,9329.82
-2.24,33.0,1.05,-0.1,2.92,7.53,18.0,9306.38
-2.27,35.0,1.31,0.25,5.22,4.66,24.0,9324.04
-2.24,35.0,1.14,0.07,2.57,6.92,18.0,9306.14
-2.6,35.0,1.15,0.08,3.05,7.46,20.0,9314.27
-2.84,35.0,1.18,-0.11,3.7,7.32,22.0,9314.34
-2.32,37.0,1.86,1.54,6.99,3.29,30.0,9382.09
-2.68,37.0,1.27,0.34,3.03,6.86,24.0,9319.59
-2.29,43.0,2.18,2.11,5.35,2.49,38.0,9411.77
0.44,27.0,2.33,1.23,47.11,44.7,-91.0,9776.83
0.86,28.0,2.3,1.27,48.13,43.63,-61.0,9772.52
0.83,28.0,2.87,1.51,53.54,47.96,-161.0,9827.42
0.41,28.0,2.71,1.36,55.74,47.83,-160.0,9813.06
0.92,29.0,2.41,2.29,44.47,39.44,-44.0,9783.83
0.83,29.0,2.33,2.1,44.06,40.2,-22.0,9778.97
0.68,29.0,2.91,1.66,51.74,47.46,-151.0,9831.89
0.18,30.0,2.83,1.69,49.59,45.71,-122.0,9824.99
0.15,30.0,2.77,1.92,47.1,43.61,-134.0,9818.9
0.65,31.0,2.4,2.23,44.81,39.47,-44.0,9780.7
0.59,31.0,2.53,2.4,44.22,39.9,-35.0,9794.36
0.71,31.0,2.42,1.61,47.82,42.97,-64.0,9784.39
0.47,31.0,2.33,1.7,46.81,41.7,-56.0,9775.47
0.71,31.0,2.5,2.44,45.48,40.8,-57.0,9790.94
-0.92,32.0,2.88,2.9,40.64,36.27,-6.0,9832.59
0.18,32.0,2.37,1.77,47.36,41.31,-60.0,9779.16
0.41,32.0,2.43,2.13,46.5,41.27,-70.0,9785.29
0.5,33.0,2.45,1.77,47.81,42.23,-56.0,9787.72
0.62,33.0,2.7,2.66,45.01,40.08,-61.0,9810.08
0.41,33.0,2.61,2.65,45.34,39.72,-53.0,9803.55
-0.3,33.0,2.49,1.88,47.66,42.06,-68.0,9795.27
0.68,33.0,2.43,2.23,45.91,41.25,-53.0,9783.15
-0.83,35.0,3.06,3.3,40.24,36.38,-9.0,9847.83
-4.47,22.0,1.02,0.98,8.11,15.5,2.0,9369.31
-3.82,13.0,0.73,0.85,6.51,14.69,2.0,9332.48
-0.37,-13.0,-0.32,-0.99,6.0,18.81,2.0,9206.8
-2.31,1.0,0.14,-0.3,6.34,16.83,-2.0,9273.91
-2.08,1.0,-0.06,-0.5,6.11,17.71,-2.0,9252.78
-1.05,-9.0,-0.39,-0.99,6.2,17.55,3.0,9196.15
-1.01,-13.0,-0.38,-1.05,5.89,18.04,3.0,9198.02
-3.3,12.0,0.56,0.32,7.27,16.9,-3.0,9309.84
-2.98,5.0,0.33,0.1,5.97,16.3,-3.0,9291.41
-0.46,-13.0,-0.39,-1.06,5.96,19.26,4.0,9195.45
-3.94,20.0,0.95,0.88,7.84,14.56,-4.0,9359.65
-0.62,-12.0,-0.48,-1.41,6.32,17.84,5.0,9195.45
0.32,-19.0,-0.82,-2.06,6.09,16.27,5.0,9149.99
-3.8,25.0,0.92,0.95,7.81,13.92,-5.0,9359.6
-2.89,8.0,0.77,0.7,6.58,16.12,6.0,9330.73
-3.55,15.0,0.97,1.09,7.48,14.51,6.0,9355.05
-3.66,11.0,0.64,0.48,7.66,15.45,-6.0,9318.11
-3.16,9.0,0.83,0.93,6.56,16.63,7.0,9335.24
-3.57,11.0,0.59,0.42,7.94,15.86,-7.0,9314.89
-3.23,9.0,0.86,0.91,6.48,16.78,8.0,9335.87
-0.23,-15.0,-0.8,-1.95,6.2,17.47,8.0,9148.43
-3.82,21.0,0.9,0.89,7.75,14.6,-8.0,9354.28
-4.74,22.0,1.07,1.11,8.0,15.27,-8.0,9377.52
-3.69,11.0,1.03,1.38,6.59,16.57,9.0,9349.66
-3.32,11.0,0.99,1.08,6.88,15.8,10.0,9346.72
-3.53,14.0,0.98,1.31,6.46,16.61,12.0,9348.73
-3.27,13.0,0.99,1.06,7.11,14.88,13.0,9348.39
0.3,-25.0,-0.93,-2.15,6.34,15.56,-14.0,9150.72
-4.19,18.0,1.1,1.48,6.23,14.54,15.0,9367.6
-4.14,30.0,0.96,0.98,7.79,14.69,-17.0,9369.31
-4.08,17.0,0.89,0.81,8.2,15.41,1.0,9346.79
-3.89,18.0,0.85,0.7,7.77,16.25,1.0,9344.29
-3.89,15.0,0.81,0.66,8.11,15.62,-1.0,9339.25
-3.55,13.0,0.62,0.47,7.24,16.77,-1.0,9313.44
-2.66,6.0,0.41,0.09,7.21,17.41,-1.0,9295.25
-3.89,18.0,0.8,0.68,7.17,16.51,-1.0,9337.38
-2.02,-1.0,0.26,-0.19,7.33,18.01,-1.0,9283.43
-3.78,15.0,0.73,0.55,8.09,16.01,-1.0,9332.53
0.07,-24.0,-1.03,-2.36,6.22,16.18,-1.0,9122.08
26.45,-38.0,-4.79,-7.16,15.36,36.39,-24.0,9151.96
26.83,-38.0,-4.87,-7.2,15.58,36.86,-15.0,9137.49
27.6,-38.0,-5.23,-7.73,16.98,40.82,-10.0,9099.07
26.48,-40.0,-4.84,-7.17,14.17,35.24,-10.0,9136.18
26.77,-40.0,-4.79,-7.31,14.94,36.16,-34.0,9151.28
26.27,-40.0,-4.74,-7.18,14.87,35.7,-29.0,9156.36
26.92,-40.0,-4.93,-7.3,13.93,35.33,0.0,9125.16
26.65,-40.0,-4.86,-7.23,14.97,35.88,-20.0,9144.87
26.27,-40.0,-4.85,-7.28,14.57,35.47,-20.0,9145.9
27.01,-40.0,-4.97,-7.31,13.36,35.19,-30.0,9134.36
26.07,-40.0,-4.7,-7.0,14.44,35.18,-33.0,9160.56
26.95,-40.0,-5.01,-7.48,16.79,40.69,-20.0,9130.35
27.07,-40.0,-4.95,-7.34,16.95,41.13,-35.0,9135.97
26.98,-40.0,-5.03,-7.4,16.95,40.93,-15.0,9122.3
27.13,-40.0,-5.06,-7.41,16.66,40.69,-36.0,9125.32
26.48,-40.0,-4.91,-7.28,16.84,41.44,-30.0,9140.03
27.6,-40.0,-5.1,-7.46,15.63,37.69,-10.0,9111.32
26.83,-40.0,-5.04,-7.53,16.76,41.29,-20.0,9127.91
28.18,-40.0,-5.47,-8.23,17.64,45.73,-50.0,9086.26
27.45,-40.0,-5.34,-7.81,17.15,42.18,-16.0,9092.94
27.24,-40.0,-5.22,-7.63,17.31,42.53,-48.0,9110.45
28.27,-40.0,-5.55,-8.31,18.5,45.91,-57.0,9078.34
28.36,-40.0,-5.53,-8.32,17.64,45.73,-62.0,9080.63
27.95,-40.0,-5.41,-7.97,17.4,42.83,-11.0,9081.34
28.54,-40.0,-5.63,-8.36,18.32,45.73,-57.0,9070.61
27.77,-40.0,-5.4,-8.09,18.06,45.7,-38.0,9093.1
28.27,-40.0,-5.52,-8.13,17.25,44.58,6.0,9068.8
20.45,-42.0,-4.01,-5.87,4.63,5.11,-84.0,9229.65
20.45,-42.0,-4.01,-5.87,4.63,5.11,-84.0,9229.65
24.51,-42.0,-4.4,-6.49,6.72,10.24,-82.0,9191.32
25.39,-42.0,-4.48,-6.89,7.62,14.03,-94.0,9184.88
23.68,-42.0,-4.2,-6.37,7.33,12.83,-93.0,9212.12
23.01,-42.0,-4.25,-6.53,5.36,7.97,-80.0,9206.52
26.95,-42.0,-4.48,-7.03,11.8,28.38,-103.0,9181.49
27.07,-42.0,-4.8,-7.31,11.03,28.69,-44.0,9150.69
26.89,-42.0,-4.76,-7.26,10.95,28.56,-39.0,9154.65
26.92,-42.0,-4.87,-7.15,12.18,31.64,-35.0,9143.94
28.27,-42.0,-5.11,-7.48,11.57,31.65,-26.0,9121.41
28.18,-42.0,-5.52,-8.29,15.7,42.84,-144.0,9081.17
28.33,-42.0,-5.59,-8.34,16.16,43.87,-134.0,9075.01
28.39,-42.0,-5.71,-8.56,18.07,46.05,6.0,9050.25
27.04,-39.0,-4.85,-7.32,15.12,36.27,-5.0,9130.47
27.42,-39.0,-5.12,-7.65,16.34,39.26,-21.0,9119.89
26.86,-39.0,-4.86,-7.17,17.0,40.17,-70.0,9145.02
27.18,-39.0,-5.11,-7.58,16.59,39.93,-5.0,9105.92
27.57,-39.0,-5.03,-7.36,15.42,36.94,0.0,9116.08
27.04,-39.0,-5.01,-7.29,17.0,40.41,-51.0,9130.6
27.18,-41.0,-5.0,-7.38,12.99,34.22,-20.0,9131.23
27.51,-41.0,-5.0,-7.41,12.59,33.92,-30.0,9131.23
28.36,-41.0,-5.81,-8.66,18.43,45.25,-23.0,9053.94
28.68,-41.0,-5.84,-8.84,18.07,45.01,-41.0,9050.62
28.8,-41.0,-5.55,-8.43,17.69,45.92,-51.0,9078.82
27.66,-41.0,-5.37,-8.15,15.67,41.81,-106.0,9096.03
27.42,-43.0,-4.77,-7.43,9.59,25.67,-99.0,9153.67
28.16,-43.0,-4.91,-7.68,9.04,24.24,-86.0,9140.13
26.98,-43.0,-4.7,-7.27,9.56,26.56,-93.0,9160.56
27.98,-43.0,-4.83,-7.39,7.8,21.84,-106.0,9147.95
20.33,-43.0,-3.96,-5.78,4.12,3.55,-88.0,9233.14
19.27,-43.0,-4.14,-5.84,2.13,1.41,-56.0,9203.36
26.54,-43.0,-4.68,-7.26,7.86,19.32,-118.0,9164.91
27.57,-43.0,-4.89,-7.48,10.16,27.44,-50.0,9141.99
-0.53,-13.0,-0.42,-1.12,11.6,11.55,-22.0,9139.06
0.37,-27.0,-1.33,-2.92,13.74,18.05,-27.0,9057.88
0.45,-29.0,-1.65,-3.28,13.86,17.96,-21.0,9013.67
-0.29,-23.0,-1.15,-2.35,13.64,18.28,-32.0,9064.3
0.13,-23.0,-1.25,-2.68,13.58,17.05,-34.0,9055.52
-0.29,-14.0,-0.33,-0.88,11.6,11.55,-15.0,9151.43
-0.39,-24.0,-1.16,-2.3,13.35,18.45,-27.0,9062.42
0.05,-6.0,0.02,-0.34,11.51,11.95,-6.0,9190.5
0.32,-29.0,-1.61,-3.04,13.58,18.37,-23.0,9017.55
-0.03,-24.0,-1.37,-2.59,13.85,18.3,-23.0,9037.27
0.58,-35.0,-1.53,-2.97,11.71,17.15,-10.0,9023.0
0.13,-30.0,-1.36,-2.7,12.25,17.88,-12.0,9036.89
0.0,-31.0,-1.49,-2.96,12.6,18.17,-13.0,9026.05
0.05,-31.0,-1.38,-2.76,11.86,17.59,-10.0,9042.29
-0.03,-28.0,-1.35,-2.74,12.46,18.13,-10.0,9041.99
0.13,-31.0,-1.44,-2.92,12.5,18.15,-15.0,9030.29
0.05,-29.0,-1.44,-2.92,12.56,18.35,-12.0,9027.84
0.53,-33.0,-1.54,-2.99,12.05,17.48,-13.0,9017.12
0.42,-35.0,-1.46,-2.82,11.42,17.03,-11.0,9030.43
-0.03,-29.0,-1.39,-2.8,12.5,17.96,-10.0,9038.81
-2.74,30.0,2.05,2.81,2.28,4.48,14.0,9300.93
-2.81,30.0,1.71,2.99,8.95,-5.57,47.0,9272.1
-2.76,32.0,1.99,2.73,2.26,4.22,15.0,9296.03
-2.63,32.0,1.6,3.02,8.53,-10.62,39.0,9263.18
-2.04,32.0,1.66,2.74,8.51,4.44,29.0,9273.44
-2.66,32.0,1.69,3.04,9.17,-8.04,43.0,9270.35
-2.79,32.0,1.87,3.16,8.5,-6.0,48.0,9287.51
-2.61,34.0,1.84,3.19,9.0,0.62,34.0,9287.44
-2.33,34.0,1.85,3.1,8.33,3.53,33.0,9287.69
-2.35,34.0,1.79,3.09,8.63,-5.2,36.0,9281.14
-3.02,36.0,2.28,3.11,2.19,5.06,26.0,9317.94
-2.81,36.0,2.24,3.11,3.84,6.75,23.0,9321.06
-2.76,36.0,2.35,3.27,3.69,6.75,29.0,9330.49
-2.86,36.0,2.21,3.12,3.44,5.67,9.0,9316.33
-2.74,36.0,2.23,3.11,4.2,7.17,19.0,9323.22
-1.66,36.0,2.1,3.08,7.04,8.01,29.0,9314.6
-2.84,33.0,2.15,3.06,2.37,4.83,19.0,9309.47
-2.79,33.0,2.15,3.09,2.42,4.78,15.0,9308.87
-2.84,35.0,2.24,3.15,3.01,4.88,21.0,9320.58
-2.45,39.0,2.43,3.54,6.22,7.76,28.0,9342.43
-2.56,39.0,2.45,3.68,6.43,8.94,35.0,9346.05
-0.03,36.0,2.46,4.74,20.18,11.38,7.0,9423.51
-0.18,38.0,2.29,4.62,18.25,14.4,5.0,9417.08
0.08,35.0,2.33,4.65,20.5,11.76,-2.0,9413.98
0.05,37.0,2.31,4.55,20.29,12.14,-2.0,9418.59
-0.31,38.0,2.38,4.76,17.64,13.73,5.0,9424.63
-0.18,38.0,2.23,4.47,17.68,13.72,19.0,9401.5
-0.21,36.0,2.33,4.7,20.34,12.73,-5.0,9420.93
-0.18,37.0,2.35,4.58,20.63,13.2,18.0,9412.48
0.08,38.0,2.3,4.65,20.78,13.28,20.0,9401.83
-4.04,9.0,0.03,0.56,9.0,18.07,0.0,9188.22
-3.21,10.0,0.05,0.54,9.65,19.92,0.0,9185.56
-3.94,16.0,0.37,1.27,8.43,17.08,-2.0,9222.49
-4.27,16.0,0.29,1.25,8.21,17.85,-1.0,9215.6
-4.49,19.0,0.27,1.12,8.52,18.84,1.0,9218.54
-4.33,19.0,0.26,1.02,8.58,18.45,1.0,9217.64
-4.29,20.0,0.5,1.67,8.81,17.95,3.0,9244.65
-4.77,21.0,0.38,1.34,9.56,20.34,0.0,9235.27
-4.29,22.0,0.9,1.41,8.86,19.49,9.0,9272.02
-5.34,22.0,0.66,2.07,7.45,16.53,6.0,9269.97
-5.32,22.0,0.51,1.57,8.52,17.68,-1.0,9255.91
-4.84,23.0,0.88,1.68,9.54,18.83,7.0,9285.32
-5.07,23.0,0.67,1.98,8.43,17.08,7.0,9270.62
-4.2,24.0,0.99,1.53,5.39,17.94,16.0,9284.47
-4.24,24.0,1.01,1.32,8.63,19.32,12.0,9284.4
-5.0,24.0,1.07,2.05,9.64,18.89,14.0,9297.41
-4.59,24.0,0.85,2.02,8.68,17.43,7.0,9281.88
-5.55,24.0,0.78,2.19,5.9,16.85,6.0,9281.17
-4.49,25.0,1.16,2.02,8.05,19.37,7.0,9307.14
-4.17,26.0,1.22,1.71,8.17,19.53,12.0,9305.3
-4.06,26.0,1.27,1.79,8.17,19.18,19.0,9309.26
-5.04,26.0,0.84,1.09,7.41,15.91,6.0,9284.86
-4.79,26.0,1.18,1.98,8.62,19.2,13.0,9305.98
-4.91,26.0,0.95,2.03,9.37,18.15,7.0,9292.76
-5.53,26.0,0.77,2.31,5.84,15.75,4.0,9287.22
-4.43,27.0,1.52,2.35,7.79,18.96,30.0,9337.45
-4.75,27.0,1.35,2.12,5.9,18.0,20.0,9320.82
-4.43,27.0,1.47,2.2,7.07,17.22,30.0,9329.77
-4.47,27.0,1.43,2.3,7.43,17.9,25.0,9329.36
-5.04,27.0,1.72,2.64,6.27,17.65,39.0,9363.03
-4.54,27.0,1.23,1.83,5.75,18.46,22.0,9284.47
-4.61,27.0,1.13,2.07,8.54,19.02,7.0,9307.16
-4.88,27.0,1.24,2.29,8.56,19.17,12.0,9317.42
-4.88,27.0,1.29,2.31,8.6,19.0,17.0,9320.34
-5.55,27.0,0.8,2.39,5.73,14.42,4.0,9290.22
-4.1,28.0,1.39,2.17,8.16,19.35,24.0,9322.88
-4.47,28.0,1.36,2.23,7.23,18.38,26.0,9320.63
-4.68,28.0,1.26,2.03,8.77,20.19,7.0,9318.47
-5.3,28.0,1.23,2.6,9.07,17.81,15.0,9321.71
-5.07,28.0,1.16,2.42,8.72,17.39,12.0,9311.92
-4.93,29.0,1.3,2.35,8.53,19.87,7.0,9329.1
-4.61,29.0,1.1,1.72,8.95,20.25,3.0,9305.17
-5.25,29.0,1.46,2.82,9.61,18.27,23.0,9338.63
-4.84,30.0,1.32,2.28,8.6,19.56,8.0,9328.46
-5.09,31.0,1.13,1.52,7.33,16.9,17.0,9304.44
-5.0,31.0,1.31,1.99,6.9,16.89,29.0,9317.08
-5.14,38.0,1.47,2.56,7.46,16.85,19.0,9334.58
-4.75,33.0,1.27,2.2,7.61,16.78,25.0,9313.92
-4.68,33.0,1.47,2.41,8.65,19.83,15.0,9334.65
-4.54,33.0,1.39,2.19,8.93,20.19,7.0,9330.69
-0.21,6.0,0.17,0.11,11.09,15.18,-4.0,9210.63
0.08,-5.0,-0.19,-0.45,10.9,15.6,-13.0,9172.39
0.11,-7.0,-0.09,-0.45,11.21,15.86,-12.0,9182.97
0.47,-4.0,-0.36,-0.82,10.13,10.6,-20.0,9143.08
-0.05,9.0,0.14,0.08,10.23,14.84,-7.0,9207.52
0.58,-2.0,-0.12,-0.35,9.86,9.09,-11.0,9170.77
0.66,2.0,-0.04,-0.08,10.72,14.38,-13.0,9183.05
-0.05,-5.0,-0.09,-0.35,11.4,15.99,-9.0,9186.12
0.68,-8.0,-0.39,-0.88,10.04,13.95,-20.0,9145.73
1.2,33.0,1.88,4.22,17.38,9.22,-8.0,9367.16
0.18,38.0,2.47,5.1,17.37,9.47,0.0,9423.31
0.34,36.0,2.27,4.87,17.88,9.62,9.0,9396.21
0.5,37.0,2.4,4.83,18.22,10.68,16.0,9407.02
0.0,36.0,2.41,4.79,18.46,11.09,2.0,9421.78
0.18,37.0,2.42,5.17,17.81,9.52,-2.0,9418.99
0.37,36.0,2.23,4.75,17.42,9.44,0.0,9399.95
0.63,33.0,2.16,4.8,17.1,8.52,0.0,9392.24
-0.13,38.0,2.57,4.99,18.4,10.83,20.0,9428.58
0.71,37.0,2.31,4.59,18.12,10.66,5.0,9401.44
0.58,35.0,2.23,4.97,17.32,9.46,9.0,9388.49
0.42,38.0,2.38,4.93,18.07,10.35,9.0,9407.53
-0.03,38.0,2.52,5.04,18.29,10.93,10.0,9424.56
-0.05,-22.0,-1.16,-2.21,13.21,17.97,-21.0,9068.56
0.21,-22.0,-1.2,-2.59,14.37,22.62,-16.0,9057.07
-0.24,-24.0,-1.29,-2.38,13.14,18.33,-22.0,9048.25
0.71,-33.0,-1.82,-3.33,13.43,21.43,-30.0,8991.57
-0.16,-22.0,-1.11,-2.35,13.3,19.36,-22.0,9071.79
0.26,38.0,2.32,4.66,18.41,8.02,7.0,9405.8
0.58,39.0,2.48,4.97,18.24,8.27,10.0,9413.99
1.52,34.0,2.16,4.47,17.73,8.97,-2.0,9394.1
0.34,38.0,2.25,4.32,18.96,13.44,9.0,9398.04
0.89,36.0,2.09,4.29,18.02,7.83,0.0,9384.17
0.31,38.0,2.31,4.49,18.12,13.09,5.0,9411.46
0.44,37.0,2.38,4.77,18.33,8.23,12.0,9408.2
0.52,36.0,2.2,4.24,17.85,12.87,17.0,9389.39
0.42,39.0,2.41,4.84,18.02,8.78,23.0,9409.93
1.05,34.0,2.08,4.15,17.76,8.03,8.0,9383.54
1.75,31.0,1.8,3.91,17.68,7.73,-4.0,9358.67
1.86,31.0,2.04,4.16,16.73,7.24,-4.0,9380.67
1.47,34.0,2.1,4.47,18.23,9.08,10.0,9380.12
1.2,34.0,2.16,4.48,17.76,9.12,0.0,9392.83
1.62,32.0,2.09,4.32,17.0,7.77,-2.0,9386.81
1.41,33.0,2.05,4.23,17.85,8.51,2.0,9382.95
1.33,35.0,2.17,4.53,18.22,8.27,4.0,9388.75
-1.05,0.0,-0.14,1.09,4.64,12.8,0.0,9251.22
-0.71,-9.0,-0.3,0.8,4.98,12.07,2.0,9231.89
-1.24,-8.0,-0.25,0.86,5.19,16.58,2.0,9239.39
-1.6,1.0,-0.08,1.14,5.57,18.92,-2.0,9260.74
-0.97,-5.0,-0.19,1.01,5.06,14.52,-2.0,9247.57
-4.63,9.0,0.75,2.48,12.0,34.43,-2.0,9349.42
-4.73,7.0,0.66,2.36,12.8,33.69,-2.0,9341.96
-4.68,5.0,0.63,2.38,12.42,34.15,-2.0,9336.66
-6.39,12.0,1.06,2.74,12.31,24.94,-2.0,9390.87
-5.42,10.0,0.76,2.53,11.23,33.08,-2.0,9355.6
-5.97,12.0,0.97,2.55,12.05,26.09,-2.0,9377.13
-6.76,11.0,1.05,2.74,11.41,23.14,3.0,9390.1
-7.26,10.0,1.08,2.73,10.33,21.47,3.0,9394.85
-6.55,10.0,0.97,2.6,11.54,24.28,3.0,9382.41
-1.74,-1.0,0.04,1.3,5.71,20.04,-3.0,9270.9
-3.63,1.0,0.12,1.44,7.67,29.89,-3.0,9277.94
-4.07,5.0,0.43,2.18,10.94,35.96,-3.0,9311.03
-5.31,10.0,0.86,2.62,10.48,33.35,-3.0,9366.87
-5.21,9.0,0.81,2.6,10.87,33.02,-3.0,9359.28
-5.81,6.0,0.67,2.24,11.97,27.09,-3.0,9343.24
-5.76,7.0,0.67,2.27,12.18,26.52,-3.0,9347.55
-1.45,-3.0,-0.04,1.16,5.46,17.55,-4.0,9264.62
-2.0,2.0,0.0,1.46,6.18,24.85,-4.0,9269.11
-2.16,3.0,0.1,1.47,5.81,24.68,-4.0,9276.04
-1.18,-1.0,-0.03,1.13,4.98,15.29,-4.0,9264.99
-1.71,0.0,-0.01,1.22,5.54,19.88,-4.0,9267.56
-3.42,5.0,0.03,1.41,9.18,27.06,-4.0,9270.89
-2.13,3.0,0.07,1.51,6.19,27.2,-4.0,9273.0
-2.42,3.0,0.14,1.58,6.32,27.81,-4.0,9280.59
-3.68,1.0,0.14,1.44,7.38,29.85,-4.0,9279.88
-4.94,8.0,0.71,2.4,10.39,33.55,-4.0,9348.96
-2.21,5.0,0.14,1.51,5.15,23.4,-5.0,9277.53
-2.08,3.0,0.21,1.52,5.48,22.58,-5.0,9284.54
-2.16,6.0,0.14,1.59,6.31,25.06,-5.0,9277.02
-3.81,3.0,0.21,1.46,7.38,29.85,-5.0,9290.0
-4.55,9.0,0.7,2.46,11.8,34.99,-5.0,9344.35
-1.89,1.0,0.19,1.48,5.49,20.58,-6.0,9283.92
-2.76,6.0,0.17,1.65,6.58,27.94,-6.0,9280.38
-3.73,5.0,0.32,1.7,6.66,28.69,-6.0,9295.43
-2.26,7.0,0.16,1.65,6.22,27.02,-6.0,9277.88
-4.28,10.0,0.78,2.52,10.88,35.26,-6.0,9348.35
-3.63,4.0,0.31,1.67,6.86,30.04,-7.0,9293.29
-4.23,11.0,0.63,2.33,11.39,35.69,-7.0,9335.31
-4.05,8.0,0.49,1.96,9.16,32.38,-7.0,9317.86
-5.42,8.0,0.8,2.6,11.31,32.1,-7.0,9358.09
-4.13,5.0,0.44,1.68,9.28,30.32,-10.0,9308.79
-3.92,5.0,0.22,1.44,9.13,28.37,-10.0,9288.44
-4.23,11.0,0.65,2.43,10.52,35.77,-10.0,9336.85
-4.1,8.0,0.65,2.32,9.87,34.53,-10.0,9337.52
-0.66,-3.0,-0.2,0.94,4.9,13.2,1.0,9244.23
-5.76,11.0,0.85,2.48,11.66,29.88,1.0,9364.59
-1.34,-5.0,-0.16,0.97,5.34,16.95,-1.0,9251.95
-3.36,-1.0,-0.01,1.31,7.95,29.33,-1.0,9267.11
-5.94,12.0,0.92,2.51,12.42,25.91,-1.0,9371.14
0.47,36.0,1.86,3.45,18.31,15.21,9.0,9362.25
0.29,37.0,1.9,3.86,17.54,14.61,4.0,9374.96
0.42,37.0,1.9,3.72,18.04,15.65,4.0,9375.01
0.03,38.0,2.3,4.6,18.23,14.09,7.0,9416.61
0.34,36.0,2.23,4.15,18.74,13.18,13.0,9395.03
0.13,37.0,2.2,3.99,18.56,13.49,17.0,9382.17
-0.13,38.0,2.32,4.69,18.37,14.25,5.0,9418.11
0.03,38.0,2.25,4.62,18.17,14.44,9.0,9404.09
0.44,36.0,1.99,3.54,18.56,14.76,8.0,9382.17
